Sample,Lineage,True_Abundance,Predicted_Abundance,absolute_error
S1,Alpha,0.901,0.416,0.48500000000000004
S2,Alpha,3.225,2.707,0.5180000000000002
S3,Alpha,8.211,7.922,0.2890000000000006
S4,Alpha,5.664,5.112,0.5519999999999996
S5,Alpha,5.454,4.968,0.48599999999999977
S6,Alpha,9.69,9.481,0.20899999999999963
S7,Alpha,12.816,12.781,0.03500000000000014
S8,Alpha,13.509,13.431,0.07800000000000118
S9,Alpha,20.555,20.542,0.012999999999998124
S10,Alpha,28.074,27.857,0.2170000000000023
S11,Alpha,39.221,39.611,0.39000000000000057
S12,Alpha,43.73,2.623,41.107
S13,Alpha,52.638,53.248,0.6099999999999994
S14,Alpha,59.192,59.821,0.6289999999999978
S15,Alpha,63.386,63.807,0.4209999999999994
S16,Alpha,68.156,68.892,0.73599999999999
S17,Alpha,71.272,72.049,0.777000000000001
S18,Alpha,71.693,72.129,0.43600000000000705
S19,Alpha,72.674,73.533,0.8589999999999947
S20,Alpha,73.363,74.393,1.0300000000000011
S21,Alpha,73.655,74.808,1.1530000000000058
S22,Alpha,72.514,73.136,0.6219999999999999
S23,Alpha,70.802,71.572,0.769999999999996
S24,Alpha,66.962,67.587,0.625
S25,Alpha,58.024,58.113,0.08899999999999864
S26,Alpha,49.989,49.845,0.14399999999999835
S27,Alpha,39.35,39.374,0.02400000000000091
S28,Alpha,24.301,39.152,14.851000000000003
S29,Alpha,15.025,14.584,0.4410000000000007
S30,Alpha,7.749,7.309,0.4399999999999995
S31,Alpha,3.907,3.227,0.6800000000000002
S32,Alpha,1.931,1.353,0.5780000000000001
S33,Alpha,1.051,0.549,0.5019999999999999
S34,Alpha,0.48,0.207,0.273
S35,Alpha,0.254,0.0,0.254
S36,Alpha,0.142,0.0,0.142
S37,Alpha,0.065,0.0,0.065
S38,Alpha,0.05,0.0,0.05
S39,Alpha,0.029,0.0,0.029
S40,Alpha,0.054,0.0,0.054
S41,Alpha,0.005,0.0,0.005
S42,Alpha,0.008,0.0,0.008
S3,Beta,0.182,0.0,0.182
S4,Beta,0.129,0.0,0.129
S5,Beta,0.122,0.0,0.122
S6,Beta,0.169,0.0,0.169
S7,Beta,0.394,0.137,0.257
S8,Beta,0.305,0.165,0.13999999999999999
S9,Beta,0.462,0.265,0.197
S10,Beta,0.752,0.412,0.34
S11,Beta,0.848,0.447,0.40099999999999997
S12,Beta,0.879,0.0,0.879
S13,Beta,0.966,0.251,0.715
S14,Beta,0.986,0.618,0.368
S15,Beta,0.962,0.519,0.44299999999999995
S16,Beta,0.941,0.53,0.4109999999999999
S17,Beta,0.984,0.557,0.42699999999999994
S18,Beta,0.935,0.549,0.386
S19,Beta,0.83,0.467,0.36299999999999993
S20,Beta,0.914,0.527,0.387
S21,Beta,0.907,0.507,0.4
S22,Beta,0.733,0.417,0.316
S23,Beta,0.851,0.35,0.501
S24,Beta,0.536,0.225,0.31100000000000005
S25,Beta,0.331,0.16,0.171
S26,Beta,0.22,0.0,0.22
S27,Beta,0.12,0.0,0.12
S28,Beta,0.05,0.0,0.05
S29,Beta,0.062,0.0,0.062
S30,Beta,0.028,0.0,0.028
S31,Beta,0.014,0.0,0.014
S32,Beta,0.014,0.0,0.014
S34,Beta,0.002,0.0,0.002
S1,Delta,0.128,0.0,0.128
S2,Delta,0.444,0.0,0.444
S3,Delta,0.669,0.0,0.669
S4,Delta,0.284,0.0,0.284
S5,Delta,0.531,0.0,0.531
S6,Delta,0.12,0.0,0.12
S7,Delta,0.037,0.0,0.037
S8,Delta,0.051,0.0,0.051
S9,Delta,0.06,0.0,0.06
S10,Delta,0.014,0.0,0.014
S11,Delta,0.066,0.0,0.066
S12,Delta,0.017,0.0,0.017
S13,Delta,0.041,0.0,0.041
S14,Delta,0.06,0.0,0.06
S15,Delta,0.076,0.0,0.076
S16,Delta,0.126,0.0,0.126
S17,Delta,0.205,0.0,0.205
S18,Delta,0.491,0.0,0.491
S19,Delta,1.133,0.408,0.7250000000000001
S20,Delta,1.56,0.618,0.9420000000000001
S21,Delta,2.258,1.2550000000000001,1.003
S22,Delta,3.193,2.2390000000000003,0.9539999999999997
S23,Delta,5.351,4.513,0.8380000000000001
S24,Delta,10.03,9.429,0.6009999999999991
S25,Delta,19.942,19.649,0.29299999999999926
S26,Delta,32.039,31.75,0.2890000000000015
S27,Delta,46.363,46.109,0.2539999999999978
S28,Delta,64.57,46.254000000000005,18.31599999999999
S29,Delta,77.618,77.759,0.14100000000000534
S30,Delta,88.004,88.402,0.39799999999999613
S31,Delta,93.662,94.021,0.35899999999999466
S32,Delta,96.704,96.774,0.07000000000000739
S33,Delta,98.147,98.217,0.06999999999999318
S34,Delta,98.651,98.582,0.06900000000000261
S35,Delta,99.457,99.126,0.33099999999998886
S36,Delta,99.533,99.191,0.34199999999999875
S37,Delta,99.811,99.37,0.4410000000000025
S38,Delta,99.894,99.304,0.5900000000000034
S39,Delta,99.935,99.346,0.5889999999999986
S40,Delta,99.78,99.224,0.5559999999999974
S41,Delta,99.984,99.325,0.6589999999999918
S42,Delta,99.976,99.373,0.6029999999999944
S1,Epsilon,98.132,98.664,0.5319999999999965
S2,Epsilon,91.657,92.76,1.1030000000000086
S3,Epsilon,86.678,87.792,1.1140000000000043
S4,Epsilon,89.73,91.177,1.4470000000000027
S5,Epsilon,90.357,91.661,1.304000000000002
S6,Epsilon,84.001,84.983,0.9819999999999993
S7,Epsilon,78.701,79.472,0.7710000000000008
S8,Epsilon,78.666,79.156,0.4900000000000091
S9,Epsilon,68.716,69.089,0.37300000000000466
S10,Epsilon,60.096,60.268,0.17200000000000415
S11,Epsilon,46.54,47.139,0.5990000000000038
S12,Epsilon,42.697,93.076,50.37899999999999
S13,Epsilon,30.4,30.509,0.10900000000000176
S14,Epsilon,23.009,23.249,0.23999999999999844
S15,Epsilon,16.452,16.528,0.07599999999999696
S16,Epsilon,11.588,11.488,0.09999999999999964
S17,Epsilon,8.356,8.19,0.16600000000000037
S18,Epsilon,6.26,5.866,0.39400000000000013
S19,Epsilon,4.876,4.381,0.4950000000000001
S20,Epsilon,3.653,3.149,0.504
S21,Epsilon,2.952,2.504,0.44799999999999995
S22,Epsilon,2.273,1.684,0.5890000000000002
S23,Epsilon,1.491,1.067,0.42400000000000015
S24,Epsilon,1.309,0.802,0.5069999999999999
S25,Epsilon,0.741,0.404,0.33699999999999997
S26,Epsilon,0.49,0.256,0.23399999999999999
S27,Epsilon,0.29,0.126,0.16399999999999998
S28,Epsilon,0.192,0.132,0.06
S29,Epsilon,0.062,0.0,0.062
S30,Epsilon,0.028,0.0,0.028
S31,Epsilon,0.008,0.0,0.008
S32,Epsilon,0.013,0.0,0.013
S33,Epsilon,0.006,0.0,0.006
S36,Epsilon,0.119,0.0,0.119
S37,Epsilon,0.002,0.0,0.002
S40,Epsilon,0.119,0.0,0.119
S3,Eta,0.121,0.0,0.121
S4,Eta,0.078,0.0,0.078
S5,Eta,0.265,0.128,0.137
S6,Eta,0.338,0.175,0.16300000000000003
S7,Eta,0.319,0.152,0.167
S8,Eta,0.368,0.204,0.164
S9,Eta,0.207,0.0,0.207
S10,Eta,0.184,0.0,0.184
S11,Eta,0.613,0.308,0.305
S12,Eta,0.469,0.0,0.469
S13,Eta,0.575,0.33,0.24499999999999994
S14,Eta,0.551,0.306,0.24500000000000005
S15,Eta,0.511,0.263,0.248
S16,Eta,0.443,0.245,0.198
S17,Eta,0.43,0.213,0.217
S18,Eta,0.365,0.193,0.172
S19,Eta,0.385,0.201,0.184
S20,Eta,0.35,0.186,0.16399999999999998
S21,Eta,0.285,0.141,0.144
S22,Eta,0.176,0.1,0.07599999999999998
S23,Eta,0.157,0.0,0.157
S24,Eta,0.114,0.0,0.114
S25,Eta,0.199,0.0,0.199
S26,Eta,0.11,0.0,0.11
S27,Eta,0.04,0.0,0.04
S28,Eta,0.033,0.0,0.033
S29,Eta,0.013,0.0,0.013
S31,Eta,0.002,0.0,0.002
S4,Gamma,0.36,0.0,0.36
S5,Gamma,0.102,0.0,0.102
S6,Gamma,0.072,0.0,0.072
S7,Gamma,0.037,0.0,0.037
S8,Gamma,0.089,0.0,0.089
S9,Gamma,0.146,0.0,0.146
S10,Gamma,0.17,0.0,0.17
S11,Gamma,0.379,0.13,0.249
S12,Gamma,0.896,0.0,0.896
S13,Gamma,1.274,0.764,0.51
S14,Gamma,1.942,1.334,0.6079999999999999
S15,Gamma,3.007,2.299,0.7080000000000002
S16,Gamma,4.464,3.878,0.5860000000000003
S17,Gamma,5.516,4.942,0.5739999999999998
S18,Gamma,6.729,6.44,0.2889999999999997
S19,Gamma,7.625,7.414000000000001,0.2109999999999994
S20,Gamma,9.314,9.225999999999999,0.08800000000000097
S21,Gamma,10.116,9.998,0.11800000000000033
S22,Gamma,11.428,11.343,0.08500000000000085
S23,Gamma,12.237,12.037,0.1999999999999993
S24,Gamma,13.353,13.184000000000001,0.1689999999999987
S25,Gamma,13.704,13.431,0.27300000000000146
S26,Gamma,12.037,11.963,0.07400000000000162
S27,Gamma,10.328,10.168,0.16000000000000014
S28,Gamma,8.595,10.199,1.6039999999999992
S29,Gamma,5.887,5.39,0.4969999999999999
S30,Gamma,3.407,2.806,0.601
S31,Gamma,2.032,1.478,0.554
S32,Gamma,1.166,0.579,0.587
S33,Gamma,0.697,0.306,0.39099999999999996
S34,Gamma,0.49,0.18,0.31
S35,Gamma,0.246,0.0,0.246
S36,Gamma,0.162,0.0,0.162
S37,Gamma,0.11,0.0,0.11
S38,Gamma,0.042,0.0,0.042
S39,Gamma,0.028,0.0,0.028
S40,Gamma,0.039,0.0,0.039
S41,Gamma,0.01,0.0,0.01
S42,Gamma,0.015,0.0,0.015
S1,Iota,0.45,0.238,0.21200000000000002
S2,Iota,2.78,2.332,0.44799999999999995
S3,Iota,3.102,2.683,0.41900000000000004
S4,Iota,2.224,1.708,0.5160000000000002
S5,Iota,2.226,1.789,0.43700000000000006
S6,Iota,3.528,3.061,0.4670000000000001
S7,Iota,6.173,5.807,0.36599999999999966
S8,Iota,6.042,5.82,0.22199999999999953
S9,Iota,7.891,7.817,0.07399999999999984
S10,Iota,8.875,8.64,0.23499999999999943
S11,Iota,10.767,10.608,0.15899999999999892
S12,Iota,10.081,2.405,7.676
S13,Iota,12.986,13.087,0.10099999999999909
S14,Iota,13.444,13.22,0.2240000000000002
S15,Iota,15.055,15.035,0.019999999999999574
S16,Iota,13.626,13.57,0.05599999999999916
S17,Iota,12.728,12.864,0.136000000000001
S18,Iota,12.998,12.938,0.05999999999999872
S19,Iota,11.917,11.907,0.009999999999999787
S20,Iota,10.406,10.325,0.0810000000000013
S21,Iota,9.386,9.283,0.10299999999999976
S22,Iota,9.279,9.146,0.13299999999999912
S23,Iota,8.661,8.647,0.013999999999999346
S24,Iota,7.226,6.99,0.23599999999999977
S25,Iota,6.691,6.479,0.21199999999999974
S26,Iota,4.652,4.36,0.2919999999999998
S27,Iota,3.085,2.552,0.5329999999999999
S28,Iota,1.819,2.557,0.738
S29,Iota,1.099,0.726,0.373
S30,Iota,0.532,0.296,0.23600000000000004
S31,Iota,0.211,0.105,0.106
S32,Iota,0.076,0.0,0.076
S33,Iota,0.043,0.0,0.043
S34,Iota,0.321,0.148,0.17300000000000001
S35,Iota,0.014,0.0,0.014
S36,Iota,0.014,0.0,0.014
S37,Iota,0.002,0.0,0.002
S38,Iota,0.002,0.0,0.002
S39,Iota,0.002,0.0,0.002
S40,Iota,0.005,0.0,0.005
S11,Kappa,0.011,0.0,0.011
S12,Kappa,0.025,0.0,0.025
S13,Kappa,0.041,0.0,0.041
S14,Kappa,0.09,0.0,0.09
S15,Kappa,0.056,0.0,0.056
S16,Kappa,0.097,0.0,0.097
S17,Kappa,0.171,0.0,0.171
S18,Kappa,0.193,0.0,0.193
S19,Kappa,0.192,0.116,0.076
S20,Kappa,0.117,0.0,0.117
S21,Kappa,0.086,0.0,0.086
S22,Kappa,0.038,0.0,0.038
S23,Kappa,0.018,0.0,0.018
S24,Kappa,0.017,0.0,0.017
S25,Kappa,0.011,0.0,0.011
S27,Kappa,0.01,0.0,0.01
S6,Lambda,0.024,0.0,0.024
S7,Lambda,0.075,0.0,0.075
S8,Lambda,0.051,0.0,0.051
S9,Lambda,0.036,0.0,0.036
S10,Lambda,0.156,0.0,0.156
S11,Lambda,0.1,0.0,0.1
S12,Lambda,0.093,0.0,0.093
S13,Lambda,0.233,0.124,0.10900000000000001
S14,Lambda,0.125,0.0,0.125
S15,Lambda,0.132,0.0,0.132
S16,Lambda,0.203,0.0,0.203
S17,Lambda,0.191,0.0,0.191
S18,Lambda,0.238,0.128,0.10999999999999999
S19,Lambda,0.328,0.153,0.17500000000000002
S20,Lambda,0.28,0.107,0.17300000000000004
S21,Lambda,0.325,0.147,0.17800000000000002
S22,Lambda,0.343,0.122,0.22100000000000003
S23,Lambda,0.422,0.219,0.20299999999999999
S24,Lambda,0.43,0.236,0.194
S25,Lambda,0.331,0.171,0.16
S26,Lambda,0.46,0.203,0.257
S27,Lambda,0.41,0.165,0.24499999999999997
S28,Lambda,0.419,0.214,0.205
S29,Lambda,0.229,0.0,0.229
S30,Lambda,0.247,0.0,0.247
S31,Lambda,0.16,0.0,0.16
S32,Lambda,0.093,0.0,0.093
S33,Lambda,0.052,0.0,0.052
S34,Lambda,0.053,0.0,0.053
S35,Lambda,0.025,0.0,0.025
S36,Lambda,0.023,0.0,0.023
S37,Lambda,0.004,0.0,0.004
S38,Lambda,0.006,0.0,0.006
S39,Lambda,0.002,0.0,0.002
S12,Theta,0.008,0.0,0.008
S13,Theta,0.006,0.0,0.006
S14,Theta,0.005,0.0,0.005
S15,Theta,0.004,0.0,0.004
S16,Theta,0.003,0.0,0.003
S17,Theta,0.011,0.0,0.011
S20,Theta,0.003,0.0,0.003
S21,Theta,0.011,0.0,0.011
S22,Theta,0.014,0.0,0.014
S23,Theta,0.006,0.0,0.006
S24,Theta,0.008,0.0,0.008
S28,Theta,0.017,0.0,0.017
S1,Zeta,0.386,0.17,0.216
S2,Zeta,1.89,1.388,0.502
S3,Zeta,1.034,0.56,0.474
S4,Zeta,1.526,0.933,0.593
S5,Zeta,0.939,0.496,0.44299999999999995
S6,Zeta,2.054,1.517,0.5369999999999999
S7,Zeta,1.444,0.868,0.576
S8,Zeta,0.915,0.515,0.4
S9,Zeta,1.924,1.28,0.6439999999999999
S10,Zeta,1.675,1.191,0.484
S11,Zeta,1.45,0.979,0.471
S12,Zeta,1.101,1.206,0.10499999999999998
S13,Zeta,0.836,0.468,0.36799999999999994
S14,Zeta,0.595,0.333,0.26199999999999996
S15,Zeta,0.354,0.183,0.17099999999999999
S16,Zeta,0.349,0.156,0.19299999999999998
S17,Zeta,0.132,0.0,0.132
S18,Zeta,0.092,0.0,0.092
S19,Zeta,0.037,0.0,0.037
S20,Zeta,0.031,0.0,0.031
S21,Zeta,0.014,0.0,0.014
S22,Zeta,0.004,0.0,0.004
S24,Zeta,0.008,0.0,0.008
S25,Zeta,0.022,0.0,0.022
